duracion,presupuesto,facturacion_anual,fortaleza_tecnologica,experiencia_requerida,lugar_trabajo,numero_perfiles_requeridos,precio_hora,volumetria,tecnologias,prob_exito,exito
5,2984533.6802344075,3,3,1,2,3,2,1,2,100,1
3,4161087.8552335612,3,2,1,2,4,1,2,5,90,1
9,3979055.4754686584,3,1,1,1,1,1,2,4,65,1
2,958164.2064978086,3,2,1,2,9,2,2,2,70,1
21,1521422.2139274948,1,2,2,2,8,2,2,4,45,1
18,3290093.5363795697,3,1,2,1,10,2,1,3,65,1
12,297066.1526610734,1,1,3,3,9,2,1,1,35,0
15,3839829.2872464936,1,2,1,2,10,1,2,2,50,0
4,1498110.3667666996,2,3,1,3,6,3,1,3,85,1
6,4645790.17172009,1,1,2,3,1,3,2,4,50,1
12,3466382.86738492,1,2,3,3,2,1,1,4,65,0
19,4389670.979445994,2,1,3,3,3,3,1,4,50,1
4,2584829.8423420247,3,1,1,2,2,3,2,4,75,0
2,1118559.8638459668,2,1,2,1,9,3,1,1,55,1
2,610562.7277472465,2,2,2,3,3,1,1,2,65,1
20,3151119.442736896,2,1,2,2,3,1,1,3,55,0
5,4249316.054621694,2,2,1,1,5,2,2,3,75,1
22,4854381.835728459,2,3,1,1,6,2,1,2,65,0
17,4754032.031911099,2,2,3,1,3,1,1,4,75,1
13,386382.0722977946,3,3,1,2,6,2,2,2,75,1
18,2255265.0284873503,1,1,1,2,3,2,1,3,55,1
24,3857815.812842385,2,1,2,3,3,1,1,1,45,0
20,3891527.613760837,2,1,3,3,7,2,2,5,45,1
11,2104216.1000513183,3,1,2,2,9,1,2,1,60,1
5,4460348.793528717,1,2,3,2,2,1,2,3,75,1
14,404970.2490673028,1,2,2,2,8,1,1,3,50,0
3,1439807.3758102513,1,3,3,3,10,2,2,2,75,1
3,1930638.6691491033,1,3,1,2,3,3,1,1,80,1
21,3049148.221684741,3,3,3,3,6,3,1,2,75,0
11,3701421.5747933565,2,1,2,3,10,1,1,4,55,0
8,1392669.3802125514,2,2,3,3,6,1,2,1,60,1
23,2101143.807310463,1,1,3,2,9,2,1,1,40,0
8,1219373.224297949,3,2,1,3,5,1,1,3,80,1
22,2946269.521384217,3,2,1,1,4,2,1,1,65,1
19,57662.56803407777,1,1,1,3,1,2,2,4,25,0
9,3085354.4857647796,2,2,2,3,6,1,2,5,60,1
24,3630413.3431325997,1,3,3,2,9,2,2,4,65,0
15,348491.8734071062,2,1,3,2,2,1,2,3,55,0
16,3181410.861962344,3,3,1,2,8,2,2,3,90,1
5,987403.1006616863,2,2,2,1,4,3,1,3,65,0
21,1893918.470715954,2,1,1,3,1,2,1,5,50,0
8,4280200.871161348,2,2,2,2,10,2,2,4,65,1
18,4342384.869386562,1,1,3,1,5,1,1,2,50,0
24,1508833.8978724326,2,3,1,2,10,1,2,3,70,1
6,2422108.1635730155,2,1,3,2,3,2,1,1,75,1
8,2636996.8496040176,3,3,3,2,2,2,2,1,95,1
22,656682.5421928643,2,3,2,2,8,2,1,2,60,1
2,4219301.608239623,3,1,3,3,4,2,1,5,85,1
9,4787216.137107414,2,3,1,1,2,1,2,4,80,1
16,1145908.999859291,3,1,2,3,6,1,1,1,60,1
20,746761.8781478077,3,2,1,2,2,1,2,3,60,1
5,1765812.398548771,3,2,1,1,1,3,1,3,85,0
21,1359626.119499141,3,1,3,3,6,2,2,5,55,1
7,2221755.052093252,1,1,2,3,3,3,2,4,40,0
11,2775180.1757222484,3,2,3,1,10,2,1,3,80,1
7,2072478.976710415,2,2,1,1,8,1,1,4,65,1
12,2097195.8110273145,1,2,3,3,7,1,2,3,55,0
12,1498726.7244298013,2,3,2,1,3,2,2,4,80,1
10,4241497.666462498,1,1,2,2,10,3,2,3,40,0
20,2172754.6855916693,3,2,2,1,8,1,2,2,55,0
20,1258147.0520619282,2,3,1,3,2,2,2,5,70,1
11,435504.45588838833,3,3,2,1,10,2,2,1,70,1
7,2771543.5581277097,2,3,3,2,7,1,1,2,85,0
19,2420643.5642587333,2,3,3,2,2,3,2,2,70,1
21,118590.21910147382,2,1,3,2,2,3,2,4,40,0
2,2749777.3329422213,3,1,1,3,8,2,1,4,75,0
4,4238972.625681237,3,2,3,2,7,3,2,1,80,0
11,1333657.5505078803,3,1,3,2,2,3,1,1,70,0
1,538803.289294309,3,1,3,2,8,2,2,4,70,1
23,4835365.260989055,1,1,2,2,10,1,2,3,35,1
7,4243288.35177488,1,2,2,1,1,2,1,1,55,1
17,1528901.0192991816,3,1,3,3,6,1,1,3,70,1
8,3483360.837071158,2,1,2,1,2,2,2,2,50,0
24,4044674.304868875,3,1,3,3,5,1,2,3,60,1
22,4672412.432846078,1,1,2,3,3,1,2,5,35,1
21,2370997.9569843393,1,3,2,3,1,3,2,4,55,1
23,3808888.929950419,2,3,3,3,4,1,1,3,80,1
4,862307.387488905,2,1,1,3,8,2,2,2,45,0
16,1034440.3159282262,3,1,1,1,1,3,2,5,60,0
16,4425697.343031212,1,2,3,2,10,2,1,2,60,0
10,3711557.9779104395,1,1,3,3,6,1,2,1,40,0
9,3925049.2332820413,3,1,1,3,10,3,2,1,50,1
10,779239.3927367078,2,3,2,2,3,2,2,3,75,1
24,2505587.425503527,1,3,1,3,1,1,1,5,65,1
24,1352652.0257913934,2,3,2,3,7,3,2,4,60,1
6,3865211.571344814,2,1,2,3,3,3,2,3,60,1
18,609509.5990146006,1,3,1,3,3,2,2,1,55,0
9,3992690.2351108976,2,1,1,1,10,1,1,1,50,0
8,2964496.343660016,1,1,2,3,7,1,2,4,40,1
17,2637715.0382995293,2,2,3,1,1,3,2,1,60,0
21,4229210.343879732,1,1,3,3,7,3,1,2,30,0
17,1068304.6982745142,3,2,1,3,10,1,1,3,75,1
15,2132557.161618912,2,1,2,1,7,3,2,4,45,1
8,1043402.8310223508,2,1,3,2,3,2,2,3,65,0
17,2478187.4824893307,2,2,2,2,2,1,2,3,70,1
23,3358509.8874793225,1,2,3,2,5,2,2,2,50,0
24,4893727.482766099,3,1,2,3,9,1,2,2,45,1
20,220278.48328551,3,3,3,2,10,2,2,5,75,1
7,4077417.3390253326,3,2,1,2,9,1,2,2,70,0
10,4399246.87725663,1,2,2,1,9,2,1,1,50,1
19,1993352.3593085478,2,1,3,2,1,3,1,2,50,0
6,3492720.3203137456,1,1,3,3,6,1,2,3,55,1
21,1683155.0557304376,1,2,2,1,2,1,1,1,45,0
16,3292775.967711644,2,1,1,2,1,2,1,5,65,1
4,2842120.044743547,2,3,2,2,5,2,2,3,95,1
10,509371.5700084782,3,1,1,3,2,1,2,4,55,0
6,3195438.3399964543,1,3,3,1,10,1,1,3,85,1
13,4706308.04742247,3,1,3,1,3,2,2,1,65,1
13,4772407.951452461,2,3,1,1,8,3,1,4,75,1
14,479026.3050516604,2,3,1,1,1,1,2,3,70,1
21,1967434.163112468,1,1,1,2,5,3,1,3,40,0
19,4172741.172215365,2,1,1,1,9,2,1,3,45,0
16,1543184.4397331532,1,1,2,1,6,2,2,2,35,1
4,2215947.3383195945,2,1,3,3,3,1,2,1,65,0
21,3714754.7937477063,3,2,3,1,10,3,1,3,65,1
21,323028.899478547,2,1,1,3,4,1,2,2,30,0
10,4724616.599226811,1,2,1,3,3,2,1,4,60,0
20,4785938.006251044,3,1,1,3,5,2,2,4,55,0
7,4917924.30168508,2,3,2,3,6,1,2,4,75,1
8,791080.1750582283,2,2,1,2,7,1,1,4,60,1
9,2179723.192541906,3,2,2,2,9,2,2,3,75,1
7,2162854.868147762,3,2,3,3,1,2,2,3,80,0
16,343923.0482267753,3,2,1,2,8,1,2,2,60,1
17,3484426.182562926,3,1,3,2,3,2,2,5,75,1
23,1377865.7556881078,3,1,1,2,1,1,2,3,60,1
9,93773.46880566495,3,1,3,3,6,3,1,4,55,1
16,4572062.351503566,1,1,1,1,10,3,1,4,40,1
6,1227284.2407029127,2,2,3,1,5,1,2,3,80,1
23,24884.700160422995,3,2,2,2,3,3,1,3,50,0
2,341416.0661561012,2,3,2,3,6,1,1,2,75,1
7,1279900.3041241756,3,1,3,1,3,3,1,5,70,1
24,1389450.3588004445,2,2,3,3,3,2,2,4,60,0
17,2519225.5693986407,1,3,3,2,3,1,1,5,85,0
3,4494544.30103399,3,3,3,3,2,3,2,3,100,1
6,4777824.292509188,3,3,2,3,2,3,2,2,90,1
23,2890461.2793261064,1,1,3,3,3,1,1,3,45,1
1,4984512.422834967,1,3,1,3,6,2,1,4,80,0
5,484818.253011616,1,1,2,3,3,2,2,2,40,1
6,2000461.4174610223,1,1,1,3,3,2,2,5,55,0
19,2487349.592230899,1,3,3,2,5,1,2,5,70,1
19,2868088.9478221308,1,2,2,1,4,3,1,4,45,0
10,3887047.6442257175,1,3,3,3,10,3,1,3,70,0
15,3041907.024663406,3,2,3,2,6,3,1,4,80,1
18,390162.67104636383,2,1,1,1,7,3,1,4,40,0
22,3871590.022192188,1,3,1,1,4,1,1,1,60,0
22,3241410.049801242,3,2,3,2,3,1,1,5,80,1
7,4911600.486499501,1,3,2,2,1,2,2,1,70,1
3,524876.1631821971,1,3,2,1,5,2,1,4,75,1
5,1212890.1549310843,2,1,2,1,2,2,2,5,65,1
21,480771.28379249416,3,2,1,3,8,1,2,5,50,1
4,1532637.568132466,1,2,3,3,2,1,1,5,75,1
2,4976968.661667464,3,2,2,1,10,1,1,5,85,1
20,2132948.5843268833,3,1,3,2,5,1,1,5,70,1
20,3598219.6371645615,3,2,3,3,3,3,2,4,65,1
9,3878866.0217913003,1,2,2,2,4,1,2,2,55,0
17,4789961.017418927,1,1,3,1,9,2,2,1,40,0
17,610873.0196736152,1,1,3,1,10,3,1,4,35,1
20,1667687.7835916963,2,1,1,2,7,3,2,1,35,1
3,593116.6226027458,1,2,1,3,5,1,2,2,50,0
23,77183.88588275385,1,1,3,2,4,3,2,1,25,1
16,3179533.643996448,2,1,1,3,3,1,1,5,60,0
21,4738524.056693813,3,1,2,3,3,1,1,3,60,1
23,4730960.737534042,3,2,1,1,7,3,2,2,50,1
6,4944980.70513857,3,2,2,2,8,2,1,2,85,0
23,3319664.1097692186,3,1,3,2,2,2,1,4,70,1
8,1347899.1467552762,3,1,3,1,5,3,1,4,70,1
18,927370.5676088894,3,2,3,2,1,2,1,1,75,1
1,2174251.8488156563,1,2,1,1,9,3,2,5,55,0
2,147802.42948770252,2,1,2,1,6,2,1,1,50,1
14,1415378.1911315864,2,3,2,2,8,1,1,4,85,1
20,1653529.1743746246,3,3,3,3,9,1,1,5,85,1
5,4736242.646731037,2,2,3,3,4,3,2,3,75,1
12,3489364.6356596923,3,3,1,1,2,2,1,1,90,0
16,4718354.325602731,3,3,3,3,5,2,1,2,95,1
2,3223299.5696681333,1,1,2,3,8,2,1,3,55,0
24,4578679.146198983,1,2,2,1,10,3,1,1,35,0
8,883927.2590618929,2,3,1,3,4,3,2,5,65,1
13,1003762.4731683631,1,2,1,3,8,1,1,2,50,1
12,3405174.300358932,3,1,1,2,3,3,1,1,65,1
18,4223448.602361435,2,3,1,2,7,1,2,1,75,0
14,1133121.1040588187,1,3,2,3,4,1,2,1,65,0
18,3223609.2925497885,1,2,2,3,7,1,1,2,50,1
22,163031.8469948865,1,2,2,1,3,2,1,5,40,1
3,1772448.38141317,2,2,3,1,8,1,2,4,75,0
9,2179282.7647149013,1,3,3,2,5,3,2,5,75,1
12,434722.11151303956,1,3,1,3,7,2,1,5,60,0
11,103934.51347270652,1,1,3,3,8,2,2,1,30,0
1,4998472.130277048,2,3,3,1,8,2,2,5,90,1
10,1311390.2178491596,3,3,2,3,10,1,1,4,90,1
19,2546834.456924385,1,3,3,3,3,3,1,5,65,1
12,2784122.948949383,3,3,2,2,1,2,1,3,100,1
5,4556533.936384505,2,1,1,3,9,3,1,5,60,1
6,1114916.5733858724,3,3,1,2,3,3,1,5,100,1
1,4859739.01898614,1,3,2,3,5,3,2,5,75,1
11,220528.54352302005,1,3,2,1,2,3,1,4,60,0
11,3586895.9134067,3,3,1,1,9,3,2,4,80,1
2,3445485.4681225247,2,2,2,2,3,2,2,5,80,1
21,2641994.2046034215,2,3,3,3,4,2,1,5,80,1
10,1468882.9928039094,1,1,3,2,4,2,1,2,55,1
17,3374817.311763454,1,1,3,2,6,2,2,1,45,1
9,2891457.2165684677,3,1,2,3,4,3,2,5,60,0
12,3628837.1903245137,1,3,2,1,1,1,2,1,65,1
17,346435.19599026075,2,2,2,2,6,3,2,2,45,0
11,1604624.5828874412,1,2,1,2,1,1,1,1,60,1
8,1174105.671389083,3,3,1,2,2,3,1,2,90,1
6,3143163.3780202367,2,1,3,1,10,3,1,2,60,1
9,3912822.3315032115,2,1,2,2,6,1,2,1,50,0
9,2776117.676377785,2,3,2,1,5,2,2,2,75,1
12,1613024.0192063043,3,3,1,2,7,1,1,2,90,1
11,2460350.1573953247,1,3,1,1,2,3,2,1,60,1
17,361978.59107378277,2,3,1,2,1,2,1,2,75,1
4,109158.32223897435,3,1,1,2,10,2,2,3,65,1
10,3278857.2470424627,3,2,3,2,2,3,2,4,80,1
2,1018100.4144782355,3,3,1,2,3,2,1,1,100,1
16,3939049.61297746,2,2,2,2,3,1,2,3,70,1
22,339396.93015261163,1,2,3,2,6,3,2,3,35,1
20,1481709.5599673747,1,3,2,3,8,3,1,2,50,1
14,4063375.4593824483,1,3,1,2,6,2,1,3,75,0
17,2521573.24326555,2,2,3,1,10,1,2,3,65,1
19,1703227.0248109817,1,3,1,1,3,2,1,4,65,1
6,2003431.2130321625,2,2,3,2,7,1,1,5,85,1
3,4844834.204530195,1,3,1,1,1,3,1,2,75,1
8,4097314.7391671776,1,2,2,3,6,1,2,1,45,0
6,4257314.23733122,2,2,3,3,5,1,2,4,80,1
5,609665.7521447737,3,1,2,3,6,2,2,3,60,0
6,3023447.8854726204,1,1,1,2,6,1,1,1,55,1
15,2556591.8438918726,2,2,2,3,1,1,1,4,70,1
20,179995.96952355126,1,2,3,2,9,1,2,3,40,0
7,1271043.096722398,1,3,1,1,4,1,2,5,70,1
22,4938288.469775047,2,3,1,3,1,2,1,3,75,1
4,4157398.027643837,2,3,2,2,8,3,2,1,80,1
1,4655235.455459545,1,2,3,1,3,2,2,1,65,1
23,2859703.199843509,1,3,2,3,3,1,1,3,65,0
6,4557018.869204748,3,1,3,2,9,3,2,1,70,1
22,4169719.3964920184,1,3,2,1,9,2,1,3,60,0
23,4930710.197526604,2,3,2,2,3,2,1,2,75,1
4,4144303.206411908,2,2,1,1,5,1,1,4,80,1
3,4742522.171645671,2,1,2,1,3,3,2,2,55,1
17,279048.6190951403,2,1,3,1,3,1,1,5,55,1
8,2477221.8404717073,2,1,2,3,10,1,2,2,45,0
2,4096242.561539492,2,1,3,2,6,2,1,2,70,1
2,1362537.491220527,2,2,3,2,5,3,2,5,80,1
9,4891731.577345072,2,3,3,2,7,3,1,5,85,0
17,4406570.517622902,3,2,3,2,10,1,2,4,80,1
6,2519109.1679544724,1,2,3,1,9,2,1,1,65,1
2,2374778.6740634693,1,3,2,2,2,3,2,3,80,1
12,596809.2931911175,3,3,1,1,2,3,1,3,80,0
1,3964152.3277597865,2,2,2,3,3,3,2,4,70,1
7,4101467.770172558,2,2,2,1,9,3,2,3,55,0
4,4342288.660570755,3,2,2,3,8,1,1,2,80,1
13,973311.4603443336,3,1,2,1,8,1,1,4,55,0
14,2810413.59037139,3,2,2,3,1,3,2,1,65,0
18,2260071.9960719943,1,3,2,2,7,3,1,3,70,0
1,1151980.3247616284,1,3,3,1,10,3,2,4,75,1
16,3812165.8344470547,2,2,2,1,3,1,2,5,65,1
5,1628762.1082206136,2,1,2,3,8,3,1,1,55,0
17,3989899.0784692885,1,2,3,2,10,1,2,2,55,0
7,3609186.966142203,2,3,3,1,9,1,2,3,80,1
10,1636751.0667494594,2,3,1,3,2,2,1,1,80,1
11,219619.44005116192,1,1,3,3,10,3,1,2,30,1
18,3145908.746036855,2,1,2,3,7,1,1,3,55,1
7,1314869.1167976737,1,1,2,2,8,3,2,3,40,0
6,1207685.2465202496,2,2,3,1,8,1,1,2,75,1
4,1509470.3959793146,1,1,1,3,8,3,1,3,50,0
2,814542.241907001,2,3,3,1,10,3,1,3,80,0
23,983158.871568994,3,1,1,3,3,3,2,1,35,1
12,2169829.0847411747,2,2,1,2,5,3,1,3,70,1
15,2945096.5700021954,2,2,3,2,7,1,2,1,65,0
9,1223651.3026394853,1,3,1,1,3,1,1,1,70,1
1,1761390.405614827,3,2,2,2,9,2,2,5,85,1
11,1126044.251479715,2,1,3,2,2,1,1,2,65,0
7,77187.83108867385,2,2,1,2,9,2,1,5,60,1
9,4651408.774165931,2,1,3,2,7,1,1,3,65,1
6,4652356.056578682,2,3,2,3,8,3,1,2,80,1
12,1266941.6449054861,2,3,2,1,3,3,2,5,75,1
3,3908262.2011451866,3,1,1,2,10,3,2,3,70,1
5,4510979.229589529,1,3,3,1,1,2,2,4,85,1
18,3713842.891551951,2,2,3,2,8,2,2,3,70,0
4,352401.52953103906,3,1,2,3,1,3,1,4,65,0
13,4420174.540020211,2,2,3,1,2,2,2,2,65,1
24,2660215.175035031,1,1,3,1,6,2,2,5,35,0
21,3653973.9090096033,1,1,3,3,9,3,2,2,25,1
15,569951.4204934563,2,2,3,2,7,1,2,4,60,1
6,825747.6717156811,3,2,2,1,5,1,1,5,80,1
12,4806461.743839905,1,1,1,2,1,2,1,5,55,1
18,1731491.2602128682,3,3,2,1,3,3,2,2,80,1
10,3077682.695789514,1,1,1,2,9,1,1,4,50,0
21,430259.5398222266,3,3,3,2,2,3,2,4,75,0
9,4085403.8295100033,3,2,1,1,10,2,1,5,75,1
17,4039454.0745336404,1,2,1,2,4,3,2,3,55,0
21,3873619.5145939384,3,2,2,2,1,3,1,3,70,0
18,1512422.4223588854,2,3,3,3,5,3,1,4,85,1
19,2701743.0524842045,2,2,2,1,9,2,2,3,50,0
3,4017718.0649822,3,2,3,3,7,3,1,4,85,1
17,1485838.8223806662,1,1,2,3,5,2,1,2,45,1
14,759517.178796924,2,1,1,1,1,1,1,3,50,1
4,3009722.567087282,2,2,3,3,6,1,2,4,75,0
17,4801890.963259924,3,2,1,2,4,2,1,2,80,0
15,2650118.1560110087,2,3,3,3,5,3,1,4,85,1
20,527375.2955606251,2,1,1,2,7,2,2,4,35,0
17,4996838.302495814,2,2,1,3,7,2,2,1,55,0
23,2774050.347621649,2,3,3,2,9,2,1,5,80,1
15,4579225.863214032,1,1,3,1,10,2,2,1,40,0
24,1387763.9651442033,2,1,3,3,7,2,2,2,40,1
4,1335006.6212262576,1,1,2,1,9,3,2,3,45,1
4,3340808.769774399,2,3,3,3,7,1,2,1,85,1
9,265426.7057391084,2,3,3,2,5,3,1,3,80,1
17,1370238.6728063757,3,3,3,1,6,1,1,4,95,1
15,4356827.515979629,1,3,1,1,7,3,2,2,55,0
5,1734059.4689706287,3,3,2,1,5,1,1,1,100,1
1,2180167.6013984354,1,1,3,2,4,1,2,2,60,1
21,885364.1342882654,2,3,1,3,6,2,1,1,55,1
14,99551.14709626602,1,1,2,3,3,1,1,1,35,0
5,3880327.691469251,2,2,2,3,2,1,1,4,80,1
19,519862.55152670195,3,2,2,1,9,2,2,4,50,1
9,316777.32232699794,3,3,1,3,1,2,1,4,85,1
17,67187.21019171225,1,1,2,3,8,1,1,1,30,0
2,1964548.2192265517,2,3,3,2,9,3,2,1,85,1
9,159111.2699600438,3,1,1,2,7,3,1,1,50,1
17,1516679.4519687651,3,2,3,3,9,3,1,1,70,0
17,316566.85243753693,3,2,1,2,10,2,1,3,70,0
19,3175276.0958784497,2,3,2,1,3,3,1,4,70,1
3,282622.17384920066,3,2,1,2,2,1,1,3,85,1
11,1173226.7253852542,2,2,1,1,1,2,1,5,70,0
18,2722770.4343083045,3,3,2,1,3,1,2,5,90,1
18,4931553.4001145745,1,3,1,3,3,2,1,3,75,1
18,358953.3486202363,2,1,2,2,10,3,1,1,40,0
1,1200277.1874134217,2,2,2,2,3,3,1,4,80,0
23,1760151.8075173295,2,1,2,3,3,1,2,4,45,0
11,912210.4224103793,3,1,3,1,7,1,1,5,60,0
19,2444980.299546399,2,3,3,1,6,1,2,1,65,0
23,2171814.9198924135,1,3,2,3,9,3,2,2,45,0
14,1795279.4219096797,3,1,2,3,2,3,1,2,60,1
17,965900.3476580142,1,3,2,3,9,1,1,1,55,1
4,951873.3872544981,3,3,3,2,1,3,1,3,100,1
20,1743055.848220178,3,3,1,1,7,1,2,4,75,1
22,2585633.7883182373,2,1,3,1,3,1,2,3,50,0
6,3243419.285181133,3,2,3,2,5,2,1,3,100,1
11,286863.6969064862,3,2,1,3,3,2,2,2,60,1
6,1899940.4312749777,2,3,1,2,4,3,2,3,90,1
19,2672714.866447594,3,3,3,3,9,3,1,1,75,0
9,3629346.6971143195,2,2,3,2,10,3,2,5,65,1
21,4982339.838949365,1,2,1,2,4,3,2,1,40,0
7,3157676.8471738547,3,1,3,1,5,3,1,1,65,1
22,1668953.0433110956,2,2,2,2,5,1,1,3,65,0
23,508808.30606982135,1,1,2,1,2,3,2,2,15,0
12,986030.1453385424,3,2,1,3,8,3,1,3,60,0
2,3768989.234303235,2,1,2,2,4,3,2,5,65,1
7,1150326.4801995787,1,3,3,3,8,3,2,1,60,1
23,4599284.420546923,3,3,1,2,8,2,1,3,85,1
24,2024092.596637388,3,2,1,1,8,1,1,3,65,0
9,532209.2233679739,1,3,1,3,8,3,2,5,50,1
14,712483.5316867362,1,2,1,2,1,3,2,3,45,1
13,4684912.084748978,3,1,3,2,3,3,1,5,75,1
20,4922727.094150455,2,2,1,1,5,2,2,2,50,0
20,2796635.3889883338,1,2,3,1,5,2,2,3,50,1
1,3718830.183869925,2,1,1,3,6,3,1,5,60,1
2,3745801.1484974576,3,1,1,1,2,1,2,3,75,1
1,4740362.9857572,2,1,3,2,1,3,1,1,70,0
18,4778496.444204386,2,2,2,1,9,1,2,5,60,1
1,3324532.4617827046,2,2,1,1,4,2,1,4,80,0
4,3022000.5908121257,2,3,3,2,4,1,2,3,100,1
8,4843925.7053644555,2,3,1,2,8,3,1,2,75,1
3,3690973.589797391,3,3,3,1,10,1,2,3,100,1
20,1986962.4490264617,3,3,3,1,2,3,1,5,85,1
12,244948.0447560324,2,1,1,2,4,2,1,4,55,0
7,3350589.758059918,3,3,3,3,9,3,2,3,85,1
14,1663652.4603087814,2,1,3,1,8,2,2,1,50,0
13,4515963.83666059,3,1,3,1,9,1,2,3,65,1
10,2008232.4964162626,3,1,1,1,5,1,1,1,65,1
11,4074716.4604026517,3,2,2,1,4,2,1,3,80,1
12,477722.6021570735,3,2,3,2,2,2,1,4,80,1
15,1807122.2149411424,2,3,2,2,1,3,2,3,80,1
4,954847.889406109,2,2,1,3,7,2,2,3,60,1
1,4114698.2408324196,2,2,1,3,4,2,2,5,75,1
22,1729121.7629983777,3,2,3,2,8,3,2,3,65,1
12,1300394.4839367913,1,3,3,1,4,2,1,1,75,0
22,112790.31527245531,1,1,1,1,9,1,2,5,20,1
23,2030912.767523447,2,3,1,2,4,1,2,3,75,1
22,1706985.0498480685,1,2,2,3,1,3,1,2,40,1
23,3725147.4250414455,1,3,1,1,10,3,2,3,50,0
10,4784121.251488504,1,2,3,3,5,1,1,2,60,1
15,2434421.308253107,1,1,3,1,1,3,2,4,45,0
24,2520798.329038715,3,3,1,1,5,2,2,2,75,1
17,958718.4688295634,2,1,3,3,7,2,2,1,40,0
9,4073732.638311273,2,1,3,2,4,2,1,1,65,0
9,2411563.585111429,3,1,3,1,2,1,1,5,75,0
24,4638572.617655103,1,1,1,2,3,3,2,4,35,0
12,2456841.041698699,1,3,3,1,10,2,2,4,70,1
24,1582527.164327356,1,1,2,1,4,1,1,3,40,1
1,2840571.7120778803,3,2,1,1,10,1,1,1,80,1
16,3121671.6918695555,2,2,2,2,4,1,1,3,75,1
10,607476.7978630412,1,1,3,1,4,2,2,2,35,0
9,4407340.717215409,1,3,3,1,5,3,1,3,75,1
8,4157654.506168411,1,2,1,2,10,2,2,3,55,1
18,1232537.322818318,2,1,2,3,4,3,2,2,45,0
13,824727.1896405376,1,2,3,3,10,3,2,1,35,1
15,1066156.3646357541,1,1,2,1,5,1,1,1,45,1
17,467697.8381938303,1,3,2,3,6,2,2,5,55,1
1,503077.55318447796,1,3,1,2,7,2,1,4,75,1
14,738885.1346640589,1,1,3,1,7,2,1,2,35,0
16,2474301.897707067,2,1,2,2,5,2,2,1,55,0
21,1277635.198820117,3,2,2,1,4,3,1,2,60,1
21,1446392.1848533747,1,2,2,3,2,1,2,4,45,1
6,3319935.2358835023,2,3,3,1,7,2,1,4,95,1
24,4821651.146065526,1,1,2,2,3,3,2,4,35,0
6,2268494.691677519,1,2,2,1,7,3,2,1,50,0
18,4256352.421135153,1,1,3,1,9,2,2,1,40,1
22,2790844.2016195334,3,1,1,1,8,3,1,2,45,1
2,2056843.7556733214,1,1,2,3,8,2,2,5,50,1
23,4411766.1575184325,2,2,2,3,6,1,2,5,50,0
6,1628611.3768944251,3,1,1,2,9,1,1,1,75,0
16,3080874.2177467933,1,2,3,3,3,1,1,2,60,1
14,1343701.5234310494,3,2,2,2,10,1,1,3,80,1
1,2356022.665239294,3,2,2,1,5,2,2,2,80,1
15,2851421.1958027226,3,2,3,1,5,1,1,1,80,1
21,1178793.2953046057,2,3,3,3,3,2,1,3,80,1
12,1820094.2626173587,1,1,3,1,8,3,2,3,40,1
17,2698434.5190119604,2,1,2,3,1,3,2,2,45,0
3,4381756.251772863,3,3,2,3,4,1,2,3,100,1
18,4226456.510817094,1,1,1,2,3,2,1,1,50,0
11,3990515.6699756677,2,1,3,2,2,3,2,2,55,0
10,1388709.9062925742,1,3,1,1,1,3,1,1,65,0
17,4660685.554695583,1,3,1,2,8,1,1,1,70,0
10,2907560.183653874,1,2,1,3,1,3,2,4,50,0
18,4069820.630749553,2,3,2,2,7,2,2,1,75,1
9,2198366.4739171523,2,3,2,2,3,1,1,3,90,1
18,1649365.3056261558,2,1,1,3,5,1,1,1,55,1
19,4306912.54577012,1,3,1,2,1,2,2,5,65,1
16,4335474.154936596,1,2,2,1,8,1,1,2,50,1
24,4976476.964890967,3,3,2,3,7,2,2,2,70,0
18,2803663.07476106,2,1,2,1,2,2,1,2,55,0
22,725321.3558663824,2,2,3,1,2,1,2,3,50,0
22,1774692.7045616903,3,1,3,3,9,2,1,2,55,1
11,4637566.927428673,1,3,2,2,10,1,2,4,70,1
20,2971998.422009365,1,1,2,1,3,3,1,1,30,0
24,1106402.8311633128,2,3,3,1,10,3,2,5,65,1
6,4757239.262160536,1,2,1,1,4,2,2,5,65,1
24,4144378.0874636164,1,2,2,3,7,1,2,4,40,1
3,4808918.653892216,3,1,2,1,3,1,2,2,70,1
24,3911064.4321585507,3,1,2,2,6,3,2,4,50,0
18,574832.6339753949,2,2,3,2,6,3,2,1,50,0
9,1498855.3723503605,3,3,1,1,1,2,1,1,90,1
11,4730522.424098308,2,3,1,2,5,1,2,2,80,1
11,3540035.676909327,2,3,1,3,6,1,2,1,70,0
17,4725185.533713291,2,1,2,3,6,3,2,2,40,1
8,1232458.5730034881,2,2,1,1,8,1,2,4,60,1
22,2700023.483237924,3,1,3,3,1,2,1,4,65,1
3,1593151.703827589,1,1,1,3,4,1,1,1,55,1
18,4217296.0144842025,1,1,3,3,3,2,1,3,55,1
14,3272784.4309021616,2,3,2,2,8,2,1,2,80,1
11,3262918.8466540566,3,1,3,1,9,3,2,5,60,0
1,579773.5990750231,1,1,1,3,10,1,1,2,40,1
9,2804691.524209329,1,3,3,3,3,1,2,5,75,1
10,4136920.887826176,2,1,1,2,6,3,2,5,50,1
10,3991248.3808698026,2,1,1,1,10,1,2,2,45,1
20,3959533.415554579,1,1,1,2,6,3,1,1,30,0
14,958816.8835670954,3,1,1,1,8,2,1,4,55,1
3,1764881.4740927448,1,3,1,2,4,1,1,4,90,1
13,2019711.4404546705,1,2,1,1,1,2,2,5,55,0
19,1717262.7396814523,3,2,3,1,9,2,2,1,60,1
19,572749.3208730725,1,3,1,2,5,2,1,3,60,1
21,797223.9758067193,3,2,1,1,2,1,2,4,55,1
15,2652486.522717141,2,1,2,2,5,2,2,1,55,1
2,1533499.0144700399,1,1,2,3,9,2,1,4,55,1
10,569692.9735629293,3,2,3,1,10,1,2,4,65,1
19,4564193.477780701,1,2,2,3,5,2,2,5,45,0
11,4060083.9039278775,2,3,3,1,10,1,1,2,80,1
4,4540043.10968079,3,1,2,3,3,3,2,3,70,1
24,1557885.3566673133,3,1,2,1,1,3,1,4,55,0
7,198928.7378062451,3,3,2,2,6,1,2,2,75,1
15,3861289.4562978824,2,3,2,2,1,1,2,1,80,1
19,3128464.83039699,3,1,3,3,9,1,2,2,50,0
19,2137999.072744588,3,2,2,2,6,1,2,2,60,0
21,2499748.3244424937,1,1,1,2,6,2,1,5,40,0
19,1615973.891575819,3,2,3,1,3,3,2,4,65,0
6,3453154.1962927976,1,1,2,3,5,1,2,5,55,0
18,490202.00903420494,3,2,2,1,3,1,2,5,65,0
15,4203457.920519887,3,3,2,2,3,2,2,4,95,1
19,1071679.595966883,3,1,1,2,6,2,2,1,50,1
16,1105806.3469026461,3,3,3,2,10,1,2,5,95,1
9,4176834.985431924,2,3,1,3,6,2,1,4,80,1
3,56196.52930982916,3,1,2,2,2,2,1,1,70,0
10,1110075.796950281,1,2,1,1,1,3,2,4,50,0
11,4531957.548477038,3,3,1,1,8,1,2,4,85,1
19,4390875.704557722,2,2,2,3,5,2,1,3,60,1
13,1577304.7008566752,3,2,2,3,2,3,1,1,70,0
13,1801243.1114164768,3,2,2,3,7,1,2,4,70,1
1,3282853.927419538,1,1,2,2,6,3,2,1,45,1
9,1246605.292375983,3,2,2,2,10,1,1,5,80,0
1,3097053.569769945,1,2,2,3,10,3,1,3,60,1
1,2688050.9699517298,2,1,1,2,6,1,2,5,65,1
15,964639.0003646736,3,1,2,2,2,2,2,5,60,1
23,408160.8520978341,2,2,1,2,5,3,2,5,45,0
7,3845316.1398961823,3,1,1,1,2,2,1,5,70,1
3,1900616.3137811585,1,3,2,3,5,2,2,1,75,1
14,757393.4553202606,2,1,1,3,10,2,2,2,35,0
3,4336820.925377747,1,3,2,3,4,3,1,3,80,0
22,409397.0624754751,3,2,2,2,3,2,1,3,65,1
10,3892042.265357447,1,2,3,3,8,2,1,2,55,1
5,4432678.064876449,1,3,2,1,2,1,1,2,80,1
10,966918.0728567739,1,2,2,3,8,2,2,5,40,0
8,3920323.0178237995,1,2,3,3,8,3,1,1,50,1
5,2651675.5617828197,1,1,2,2,8,2,2,2,50,1
10,1322316.3167056267,1,3,2,1,9,2,2,5,65,0
23,3116881.958394843,1,3,1,3,7,2,1,3,60,1
20,3024775.504321091,3,3,2,1,5,2,1,4,85,1
6,3822364.8579805624,3,1,3,3,3,1,2,3,80,1
6,2301087.182634175,1,2,2,3,4,3,1,4,65,1
18,4167568.5164736374,1,3,2,3,8,1,2,2,60,1
16,638465.7933274141,3,1,3,2,4,3,2,5,60,1
6,2003766.1611597256,1,2,3,3,6,3,1,3,65,0
5,585666.2026429564,1,2,1,3,9,2,2,2,45,0
4,30259.647129322024,2,3,2,3,10,1,2,5,65,0
1,2839168.5402837913,1,1,2,1,9,1,2,2,45,0
7,1750868.4193972368,3,2,3,3,6,2,2,1,70,0
13,957879.0357950971,1,2,3,1,1,2,1,1,50,1
18,927633.642471342,1,1,2,2,5,3,2,5,35,0
20,1197243.9893141175,1,1,1,2,1,2,2,5,40,0
4,182265.60025433745,3,2,3,3,3,1,2,3,80,1
20,211054.1443605699,1,3,2,2,5,2,2,5,55,1
3,2960135.464817305,3,3,3,2,3,2,2,2,100,1
19,1333612.4030934125,3,3,1,3,2,3,1,2,75,1
5,4385583.509292126,1,1,1,2,4,1,2,4,60,1
2,1658599.4744616614,1,1,3,1,6,3,2,1,45,1
1,3543733.2576557356,3,2,3,1,4,2,1,1,90,1
10,2979091.032357489,3,1,1,2,10,2,2,5,65,1
18,758322.5476365361,2,3,3,2,8,2,1,4,80,0
18,411930.98337897053,1,1,1,1,8,3,1,5,30,0
19,427481.1694746977,1,3,3,2,4,3,1,2,55,1
4,87880.06690241667,1,2,1,3,4,1,2,2,50,0
9,2115099.993633277,3,2,2,3,5,2,2,1,70,1
15,1586118.1773817828,3,1,2,3,4,3,1,3,65,1
16,4932484.948217411,3,2,1,3,5,2,2,4,75,1
18,3573080.156660938,2,1,2,3,6,2,1,2,50,1
1,1313485.8259341908,3,1,2,1,8,3,2,5,65,1
3,4810745.76078877,2,2,1,3,6,1,1,5,75,1
24,948778.3695448034,2,3,2,2,2,1,2,4,65,1
7,3946029.1257103635,1,1,2,2,1,2,1,2,50,0
15,3322845.1398822595,3,2,3,1,2,1,2,4,80,1
14,909746.221128559,1,2,1,3,8,1,2,4,40,1
23,2144439.595806326,3,1,3,3,7,2,1,2,55,0
8,1856466.136090671,3,3,2,1,1,3,1,3,90,1
1,1504375.377099107,2,1,3,2,7,1,2,3,70,0
8,4285360.986745037,3,3,3,2,6,3,1,4,95,1
18,2439723.0832183654,1,3,2,1,10,1,2,2,60,0
23,2533587.2678114315,1,2,1,1,5,1,1,1,45,0
10,4635366.925605412,1,3,3,2,10,2,1,4,80,1
16,2191553.8338160394,1,1,2,3,5,2,1,4,50,1
1,1976401.2921826935,1,2,2,2,5,2,2,3,70,1
5,1021176.3618010953,2,3,3,1,4,2,2,4,95,1
8,2586957.9552371535,2,3,3,3,10,1,1,3,85,1
9,267236.77681427926,1,3,2,3,6,3,2,1,45,0
11,1311427.937209062,2,2,2,3,8,2,1,5,65,1
3,483707.94481483655,1,2,2,1,2,3,2,3,50,0
17,3957093.798569772,3,1,1,1,5,3,1,2,60,0
19,2768610.865143496,2,2,3,3,10,1,1,2,55,0
2,2223106.680809395,3,1,1,1,8,1,1,3,75,1
13,3159144.138397471,3,1,3,3,6,2,2,2,60,1
22,1511818.9914608495,3,2,1,1,7,2,1,5,65,1
9,1222350.590240339,1,1,2,2,3,2,2,3,50,0
9,94948.96652729141,3,3,2,3,6,1,1,3,80,1
20,3682721.1722641634,2,2,3,2,10,2,2,2,55,0
20,1800645.4699064968,2,1,3,3,6,1,1,2,45,0
10,3819857.058467741,1,3,2,3,7,1,2,5,65,0
2,2580526.3054686626,1,1,2,2,10,2,1,3,60,0
9,4360530.227897388,2,2,3,3,10,3,2,3,60,1
12,3299667.7025934355,3,3,3,1,1,1,1,2,95,1
16,1458645.7050419939,3,3,3,1,9,1,2,5,90,1
14,4031884.3442874397,3,3,1,1,8,1,2,3,85,1
1,4048238.6173182162,1,2,1,3,4,1,2,2,60,0
3,1607452.7360836857,1,1,3,3,9,1,1,1,55,0
22,3369083.751934362,2,1,2,1,10,2,1,2,40,1
9,4223433.995189115,2,2,3,2,6,2,1,4,75,1
17,778494.2774468906,3,2,3,3,8,2,2,1,60,1
3,4395487.729602629,1,1,1,1,9,2,2,4,50,1
18,3115008.3244929044,1,1,2,2,1,2,1,5,55,0
19,3199077.789712926,1,1,1,1,3,2,2,1,30,0
16,1468667.1608766392,2,2,2,1,7,2,1,3,65,0
2,4678871.089188754,1,2,1,2,2,1,2,5,70,1
2,2148461.786056301,2,2,2,3,4,3,2,3,70,1
3,4348757.734648332,3,3,2,3,10,2,2,1,90,1
18,4446156.47323131,3,2,1,2,10,2,2,1,70,1
4,3812080.730622188,3,1,1,2,1,1,2,2,75,1
16,1803574.0245438302,1,1,1,2,10,1,2,2,40,0
10,364698.2714081339,1,3,3,1,4,2,2,1,60,1
8,3760673.840010416,3,1,1,1,2,1,1,5,70,1
17,4414671.103908081,3,1,2,3,3,1,2,4,65,1
6,4440995.88370875,2,2,3,1,3,2,1,5,85,1
8,2843856.7394536673,1,1,1,1,3,2,1,1,45,0
16,3392676.403685875,2,3,3,1,6,2,2,2,75,1
7,4894382.581377648,2,2,2,3,6,3,1,5,60,0
15,1016919.9579818723,3,2,3,1,9,1,1,1,75,1
19,1022892.5055192908,2,1,3,3,6,3,1,5,45,1
15,2479645.228472026,3,2,1,1,3,1,2,1,70,1
15,4712052.996034774,3,3,1,3,1,3,2,2,80,1
12,2463699.1154796435,2,2,3,1,6,2,1,5,70,1
4,3260734.3073863136,1,3,1,1,7,3,2,3,70,1
12,57033.00591939616,2,2,1,2,7,1,2,1,50,0
9,128640.75396082608,2,2,1,3,3,3,1,2,50,1
13,2112453.055555961,2,2,2,1,10,1,2,2,55,1
7,2653932.236704794,1,2,2,2,4,3,2,2,50,0
3,1532309.0660688549,1,3,3,2,2,3,2,4,85,1
5,3356455.6096258364,1,2,3,2,5,1,1,3,80,0
15,3493836.6258507953,1,1,1,1,4,2,2,3,45,0
5,393476.12316315644,1,1,2,2,5,2,2,5,50,1
19,3296615.166915077,2,2,3,1,8,1,1,5,60,0
7,4799096.838712393,2,2,3,2,6,3,1,1,65,1
7,4911545.515793813,2,1,1,3,6,2,2,3,50,1
6,2795397.219742735,3,2,3,1,10,3,2,2,75,1
17,3242638.83800498,3,1,2,2,8,2,1,1,65,1
11,4289410.765679147,2,3,1,2,8,1,2,4,80,0
23,377962.15370730247,3,1,2,3,8,2,1,1,40,0
9,2550874.176509855,2,3,3,1,8,2,1,3,85,0
14,2069072.3308800342,3,1,2,1,5,3,1,5,65,0
17,2065739.246091622,2,1,3,2,2,2,1,5,70,0
13,4156069.344714959,2,3,3,1,4,3,2,2,75,0
22,4970556.19776344,1,2,3,2,5,1,1,5,60,1
17,2001523.9369026904,2,1,3,1,9,2,2,5,55,1
6,643893.193688397,2,1,2,1,5,2,1,5,60,0
4,4546827.701375735,2,2,2,2,10,2,1,1,75,1
2,4476356.175265761,1,2,1,1,7,1,1,2,60,1
14,4098910.4996481063,2,3,2,3,1,3,1,4,80,1
22,1245435.7218754685,1,3,2,3,1,1,2,1,55,0
12,1145300.2785383398,3,3,3,3,3,2,1,4,100,1
7,4068774.05098207,2,3,3,1,3,1,2,3,85,1
19,3602713.977841994,3,1,1,2,6,3,1,5,55,0
1,3790241.9638863206,1,1,3,3,10,2,1,5,60,1
8,4513354.817137563,3,3,3,3,9,1,2,1,85,1
20,474117.83260488283,2,3,2,3,5,1,1,1,60,1
13,2824249.8654438,2,3,2,2,3,3,1,4,85,1
2,3227444.365950355,2,3,1,2,6,3,1,5,90,1
19,2647252.5863743303,3,2,2,3,1,3,1,3,65,1
19,4054526.452422403,3,2,1,1,10,1,2,3,60,1
15,4683558.674278522,1,3,2,2,10,3,1,1,65,0
2,256704.7273357882,1,2,3,2,1,1,2,4,65,1
8,1372844.8717845401,1,1,2,1,9,3,1,3,40,1
17,408582.66574762284,1,1,1,2,5,1,2,3,40,0
1,2937951.7562511857,3,3,1,2,1,1,1,3,100,1
14,3073820.6790196225,3,3,3,1,7,2,1,4,95,1
3,2207396.790924973,3,3,2,3,5,3,2,4,95,1
13,2196875.1618975573,2,2,2,3,7,2,2,1,55,0
12,2866303.9401398045,2,3,1,3,8,3,2,4,70,1
22,4518971.611299138,1,2,1,3,1,2,2,2,40,1
3,3636870.1356834965,2,2,1,2,5,2,1,3,85,1
19,2712909.985940727,3,1,1,3,5,1,1,1,55,1
22,3292516.146486181,3,3,3,1,2,2,1,3,90,1
6,4686055.824522071,3,2,1,3,9,1,2,1,75,1
19,4667486.85505559,3,1,2,3,4,1,1,2,55,1
10,3070448.466192714,2,1,3,2,7,1,1,5,65,0
7,2881763.0328343944,3,2,1,3,3,2,2,3,75,1
17,3902346.14106123,2,1,1,3,2,1,2,4,55,0
13,3024328.400189226,1,2,1,2,1,3,1,5,60,1
19,3091433.711326374,3,1,2,2,10,1,2,2,50,0
12,2656407.505157806,1,2,2,1,4,3,1,5,55,1
14,4455842.00744507,2,3,1,1,9,1,1,1,75,1
8,4144697.70656009,2,2,1,2,9,3,1,3,65,1
20,343082.8025359445,2,3,1,1,10,2,1,1,55,0
24,982827.8623108747,2,1,3,3,7,2,2,5,35,0
8,463732.045848365,1,3,1,3,6,3,1,5,55,0
7,4342443.403425758,1,3,2,3,6,3,2,2,55,0
19,141873.2569186643,1,1,2,1,3,1,1,3,30,0
22,3535706.0300175627,1,1,3,3,1,2,2,2,35,0
18,4728438.096595186,1,2,1,3,7,3,1,3,50,0
14,3305462.306942575,1,3,3,2,4,3,1,3,80,0
22,3331926.1804087586,1,1,1,2,4,3,2,1,30,1
10,3532479.82482906,2,1,2,1,10,3,2,1,40,0
7,3448530.7990221875,3,3,2,1,4,2,2,5,90,1
13,2298124.887249087,1,1,2,1,3,2,2,4,45,1
2,2163639.307083222,1,3,2,3,10,3,2,1,65,1
10,4263024.418623605,1,1,1,3,2,3,1,2,40,1
8,422605.2878929209,1,1,3,1,9,2,1,5,40,1
16,1283769.5560646565,1,3,1,1,3,2,2,5,70,1
7,460566.8790769037,3,2,2,3,9,1,1,3,65,1
8,2238550.113785068,2,2,3,3,7,3,2,5,60,1
18,2022532.0817903108,3,1,1,2,8,3,1,4,65,1
3,3360179.086293536,3,1,1,2,1,2,1,3,85,1
23,3229424.8752039163,3,3,2,1,10,2,1,3,80,1
11,3271444.98291482,2,1,1,3,8,3,2,3,45,0
11,1042632.1162683403,2,2,2,3,7,1,1,3,65,1
23,194382.06306994,2,3,1,1,9,3,2,4,50,1
16,3053351.447098882,2,2,1,3,8,3,1,5,60,1
19,4105211.684729198,3,3,3,2,6,2,1,1,85,1
9,849470.4510346274,2,2,2,1,8,2,2,4,50,1
9,2114021.669868012,3,3,2,3,1,2,2,2,85,1
24,448141.40286149277,1,2,2,1,8,3,1,1,25,0
20,2637149.8356477157,1,2,1,3,2,2,1,1,45,1
1,786453.842294238,3,3,2,1,9,2,1,2,85,1
10,1539141.6091294405,2,2,1,3,2,3,1,2,60,1
16,2606218.7989695347,2,3,2,2,10,1,1,4,85,1
3,3904935.9132209863,3,1,3,3,8,3,2,1,65,1
2,4147004.3318252764,1,3,1,2,6,1,1,2,80,1
20,3067984.945958383,3,1,3,2,9,1,2,2,55,1
18,1730385.3514223834,3,3,2,3,2,3,2,5,85,1
3,1086511.1622904984,1,3,2,2,6,1,1,3,85,0
23,1846500.1024610843,2,3,3,1,3,1,1,1,75,0
14,1700707.5833952334,2,1,2,3,5,3,1,4,55,0
20,1229419.4988109502,3,1,3,3,5,3,1,4,60,0
8,3391313.044112037,1,2,1,3,8,1,2,3,50,0
16,1892069.5124551458,2,1,1,1,10,2,1,5,55,1
5,818784.1416129026,3,1,3,3,8,2,2,3,65,1
3,2282196.0591956032,3,2,1,2,4,2,1,2,90,1
1,4215208.246179807,1,2,3,2,3,2,2,5,75,1
20,4105516.988790803,2,2,3,3,8,2,1,1,55,1
1,43346.81561031627,1,1,3,3,6,2,2,5,35,0
14,3859369.155697044,2,3,3,3,4,3,1,2,80,0
15,4214456.168907961,2,1,1,3,5,3,2,3,50,1
24,1977266.5443665488,2,2,3,1,5,2,2,4,60,1
6,780327.1290820065,2,3,1,1,8,1,2,5,75,1
23,3938447.8075670386,1,1,1,3,10,3,2,3,25,1
3,53379.99320887237,1,1,2,3,8,3,2,2,30,0
5,97439.84540049378,1,2,2,2,10,1,1,2,55,1
4,1768210.4391339591,3,1,2,2,8,3,2,2,65,1
18,4442694.335399022,1,2,3,2,8,3,1,4,60,0
2,1263051.1384425522,1,3,2,1,5,2,1,3,85,0
1,3316385.6079131467,3,3,3,2,2,3,2,3,100,1
10,2133192.992580284,2,1,2,1,9,3,1,4,50,0
20,128277.05258435289,2,3,1,1,5,2,1,3,65,1
20,2262437.078202464,3,1,2,3,1,1,1,2,55,0
14,1486398.5938551887,1,1,1,2,7,1,2,1,40,0
17,3821381.6912662657,2,3,3,1,5,2,1,5,90,1
13,3909685.1856681597,1,2,2,2,6,1,1,4,60,0
20,4815787.555645643,3,3,2,3,8,1,2,2,70,0
19,2596078.403431406,1,1,1,2,3,2,1,5,45,0
16,2018936.3289009484,1,1,3,2,2,3,1,2,50,0
15,2942726.3000177573,1,2,1,1,4,1,1,1,55,1
16,3986611.2548485138,3,2,2,1,1,1,1,3,80,1
17,2401908.7083177245,3,3,2,3,5,3,1,3,90,1
7,1020887.7255112394,1,3,2,3,2,1,1,5,75,0
20,3716748.4706812724,1,3,3,3,2,3,2,2,55,1
20,1508710.5584149312,2,2,1,1,9,1,1,2,50,1
18,4887107.554653185,2,2,3,3,1,1,1,4,75,1
18,4878791.590162188,3,1,1,2,5,1,1,1,70,1
12,255763.06363869124,2,1,3,3,10,3,2,2,35,0
10,3812828.1330183614,1,3,1,3,5,2,2,1,65,0
2,4869787.230573388,2,3,3,2,8,3,2,5,90,1
7,3471700.2075813306,1,1,3,2,4,2,1,3,60,0
24,3354281.744151019,3,2,3,2,6,3,1,3,70,0
24,4468967.244277529,2,3,1,3,3,1,1,5,75,1
15,390317.2225869894,3,3,1,2,6,2,2,2,75,0
21,1774233.169750603,2,1,1,2,7,3,2,2,35,1
13,1327106.1473653999,1,2,2,1,7,2,2,3,50,0
17,1676596.7452686152,1,2,2,2,3,3,1,3,60,1
15,4880795.614315956,2,1,2,2,3,2,1,3,65,1
4,4045458.2203206513,2,1,3,2,4,1,1,4,80,1
11,3059094.1518811695,1,1,1,3,2,1,1,2,45,1
14,1327674.5151840523,1,3,3,2,1,3,2,3,75,1
18,2193634.336184893,1,3,2,1,7,1,2,4,65,1
1,3433640.1776988422,2,3,2,1,7,3,1,3,85,1
19,4526534.015049232,1,2,3,3,3,2,2,3,50,1
1,4965247.563983379,2,1,2,2,7,3,2,4,60,0
16,1175477.0847042953,1,3,1,1,4,2,1,2,70,0
23,4904425.041360215,1,1,1,3,10,3,1,3,30,0
12,972566.3686666159,3,1,1,3,3,1,1,4,60,0
11,2760099.698794768,2,1,2,3,10,3,2,1,40,0
4,1349174.8181456607,3,3,2,3,9,2,2,5,95,1
14,4738866.4558350025,3,3,3,2,10,1,2,4,95,1
8,2561147.91102087,1,2,1,3,8,3,2,5,45,0
21,965920.4068698758,1,3,1,1,4,1,1,1,50,0
13,670398.3276900391,2,3,2,2,8,2,2,1,65,0
1,4937148.348912972,1,3,3,2,1,3,2,5,85,1
12,3909363.560611276,3,1,3,2,4,2,1,5,80,1
9,2453699.8211078877,2,3,2,3,1,1,2,5,80,1
6,3804567.926571828,2,3,2,2,3,1,2,3,95,0
19,4304640.024973455,1,3,1,2,6,3,1,3,60,1
20,70271.43721485182,2,3,2,3,6,1,1,5,60,0
12,3484807.0603350587,1,2,3,1,3,2,2,1,55,1
2,1688310.3507070516,3,1,1,3,6,1,2,4,70,1
18,1244287.4761493932,3,2,3,2,10,1,2,5,80,1
15,1747603.1950843893,3,1,1,2,4,1,1,1,70,0
21,1443343.5679679501,2,2,2,3,6,2,1,3,55,1
21,1690701.8521068809,1,2,1,1,7,1,2,3,40,1
21,193011.87470324605,3,1,2,1,9,2,2,5,40,0
6,2717644.3190864585,2,2,2,1,6,1,1,5,75,1
14,4208733.530535615,1,3,3,3,8,1,1,4,75,1
15,2524989.5382818724,2,2,2,2,9,2,1,5,70,0
7,617367.8190528883,1,2,1,1,7,3,1,5,40,0
23,3077203.021078509,1,1,3,1,8,3,2,4,30,0
12,2669749.3078176873,2,1,2,1,10,1,2,1,45,0
18,3131215.2125596902,3,3,3,3,6,2,1,1,90,1
3,3246726.768062507,3,2,3,3,6,1,1,3,90,0
6,2737296.775396026,1,3,2,2,9,1,2,4,80,1
13,3904022.8891358273,2,2,2,2,4,3,2,4,65,1
7,524092.15089210635,2,1,1,1,10,2,1,5,45,0
2,2975878.1133126146,3,3,2,1,10,2,2,3,95,1
11,227171.6251906382,1,2,2,3,6,2,1,3,45,0
10,1257299.6987467478,2,2,2,1,7,2,2,5,60,0
23,3186744.6167483483,3,2,1,3,6,1,2,3,60,1
8,2526574.7423057794,3,2,1,3,2,1,2,1,70,1
10,4084447.3946270514,3,1,2,3,2,1,2,4,65,0
15,2125597.2474486236,3,2,2,3,1,2,2,4,75,1
6,1240710.0080110065,3,2,3,3,8,3,1,5,85,1
19,3667695.690582895,1,3,2,1,7,1,2,5,55,0
6,1040895.3199838247,2,3,3,2,3,3,1,4,100,1
17,3161149.0351410382,2,3,2,1,7,1,1,3,80,0
11,1646731.4686404788,1,2,1,1,9,3,1,1,45,0
7,1332796.2835173896,1,2,1,3,9,2,1,1,50,0
7,1704001.0625270407,2,3,1,3,6,3,1,1,70,0
2,1001752.1318766401,1,2,1,3,5,2,2,1,60,0
5,3092509.030104402,2,1,3,2,5,2,1,1,75,1
19,2095524.384776214,3,3,3,1,6,1,2,3,80,1
17,2002824.708057433,3,3,3,3,7,2,2,3,90,1
13,472030.4910911369,2,3,1,3,2,2,2,1,65,1
6,1704541.1824654434,1,3,1,1,8,2,1,4,80,1
7,3622319.3605967346,1,3,3,2,1,1,2,1,75,1
19,2915325.940631502,2,3,3,2,7,3,2,1,65,1
16,1573895.058087051,3,2,2,2,2,2,1,1,80,1
11,4433744.470279993,1,1,3,3,3,2,2,4,50,0
4,3233632.919772215,3,3,3,1,8,2,2,5,100,1
16,4369984.490776335,3,1,2,2,7,2,2,3,65,1
13,2369418.9522082936,2,2,3,3,8,2,1,3,70,1
7,4173396.653350457,2,3,3,2,5,2,2,3,90,1
13,3658620.1269701403,1,2,2,3,4,1,2,5,55,1
24,1260527.9621963762,1,2,1,1,9,1,1,5,45,1
10,1294682.3449966167,3,2,1,2,8,1,2,2,70,1
19,3975958.8797414103,2,1,3,3,2,3,2,4,45,0
14,2660954.8718938706,2,1,1,1,10,2,1,3,55,0
1,3436333.1623699097,1,1,3,2,4,3,1,2,60,0
18,1588509.406746822,1,1,3,2,2,3,2,1,45,1
8,352500.1008733951,1,3,3,1,6,1,2,1,55,1
19,4900589.657168827,3,1,1,1,10,1,1,3,55,1
2,2834570.475286935,3,1,2,1,8,1,1,1,70,1
16,854264.8278364224,1,1,1,3,1,1,1,4,40,0
7,2982584.1715788944,1,1,1,2,4,3,1,1,45,0
16,4457898.082513786,2,1,2,3,6,2,2,4,50,1
13,844765.4023207709,2,1,1,2,6,3,1,4,45,1
4,1487447.9515513289,3,3,3,3,7,3,1,4,100,1
11,4053009.220837139,2,1,2,3,5,3,1,1,50,1
10,1803874.3548190163,1,2,2,2,4,1,2,3,60,1
2,1759312.4910525742,3,2,3,2,7,3,1,5,90,1
5,4389669.395544013,2,3,3,2,4,2,1,1,100,1
10,1728659.4757676083,1,1,1,1,3,3,2,3,40,0
17,3273957.204534409,3,3,1,1,8,2,1,5,90,1
16,3799240.216504023,1,3,2,3,5,2,1,4,75,1
10,4775302.085816374,2,2,2,3,2,3,2,1,55,1
15,3090512.142833156,3,3,1,3,6,1,1,5,90,1
17,373150.18202458014,1,3,1,1,1,1,2,5,60,1
14,4057072.6230509463,2,3,2,3,4,2,1,1,80,1
6,2415517.7825353076,1,2,1,3,9,2,2,4,60,0
20,871379.1469941435,3,3,3,1,7,3,1,1,65,0
15,1003638.0351871996,2,2,3,3,10,3,1,4,65,1
11,158295.6969311086,1,3,2,2,1,1,2,5,65,1
13,482291.3054886827,1,1,3,1,2,1,2,1,35,0
20,2189626.6236232608,1,2,1,1,8,1,1,4,45,0
13,4610505.852938831,3,1,1,2,10,1,1,3,70,1
6,4508527.30854185,3,1,3,3,7,1,2,2,70,1
15,4454324.412481069,2,3,3,2,10,1,2,2,80,1
5,3304824.1571881846,2,3,1,2,5,3,2,1,85,1
1,4671010.808223904,3,2,3,3,5,1,1,3,95,1
17,3052926.995650318,1,2,3,3,1,2,1,5,65,1
18,2885085.504926694,2,2,1,3,4,2,2,1,60,1
2,1089630.6383082196,3,2,1,1,3,3,1,5,85,1
6,3143992.4462721846,3,3,3,3,1,1,1,1,100,1
20,2537777.7499570535,3,1,3,1,9,1,2,5,55,0
24,3542920.27797639,2,1,3,2,10,1,1,2,50,1
20,2289165.5333790244,2,2,3,2,9,3,2,2,50,1
9,355391.80507820635,2,2,2,3,4,3,1,5,55,1
17,2711125.8025345146,2,1,3,2,4,3,1,1,60,0
11,832530.1919788852,3,3,1,1,7,1,1,2,75,1
16,431868.6305801641,2,2,1,1,6,3,2,3,45,1
22,696742.8107167574,1,3,3,2,4,3,1,2,55,1
5,757944.757334388,3,1,2,2,4,1,1,4,75,1
13,4839277.589190251,1,1,2,2,5,3,2,1,40,1
20,3327496.3448130228,1,1,3,3,6,2,1,1,35,1
5,220754.93348867647,3,1,3,2,4,1,2,5,75,1
2,4289788.325569418,3,1,2,2,6,1,2,3,75,0
16,3684184.033242195,2,2,1,2,4,2,2,5,70,0
23,3595839.5594473397,2,2,2,3,5,2,1,5,60,0
16,228790.3615617515,3,2,1,1,3,1,2,5,65,0
23,3968688.515962235,1,2,3,1,4,1,2,4,50,0
1,3147314.666680897,1,3,1,2,9,3,2,5,75,1
7,813523.7214743862,3,2,1,3,3,2,2,4,65,0
22,3633294.2280816776,1,1,1,2,1,3,1,2,35,0
2,1053865.2607555971,3,1,3,2,6,3,2,2,70,0
20,2565782.1232246207,2,1,1,2,10,1,2,1,40,0
11,2384301.889836835,2,1,3,2,6,3,1,4,60,0
17,4224885.187191424,3,1,2,3,2,2,2,1,60,0
17,993876.1996456189,1,1,2,2,2,3,1,4,40,1
19,3753683.164645565,3,2,2,2,4,2,2,2,65,1
6,4511838.328815056,2,1,3,3,7,2,2,5,65,1
19,1023587.9711389712,3,3,2,2,3,1,1,1,85,1
20,569837.00067612,2,3,3,3,4,3,1,3,65,0
16,4154188.911791791,2,1,3,3,3,1,2,4,60,0
4,182003.61246983634,2,2,3,1,5,3,2,5,65,0
7,4492489.784387795,3,1,1,2,10,1,2,4,65,1
4,4692910.120580287,2,2,3,3,1,2,1,2,80,1
12,1894385.7547276423,1,1,1,3,3,3,1,5,45,1
20,1788200.0468322586,3,3,2,2,4,2,2,4,85,0
7,4542953.144372564,2,3,2,1,9,2,2,1,70,1
20,3852088.8161165877,1,3,3,1,7,2,1,1,60,0
15,3493525.3841043846,2,1,1,3,1,3,1,2,50,0
10,3264815.9595807167,1,1,3,3,5,3,2,4,45,0
11,4600793.926320272,2,1,2,3,2,1,2,3,55,1
4,2612777.741708784,1,3,3,3,3,2,2,5,85,0
14,552602.2661849188,2,1,1,1,3,3,2,3,40,0
1,4952097.441499496,2,3,3,3,6,3,1,2,85,0
20,3208351.6056944593,1,2,2,1,7,3,1,1,35,0
12,4363743.269554708,1,3,3,3,10,3,2,3,65,0
24,613309.5622897306,1,1,1,2,7,1,1,5,30,0
13,79311.92977890496,1,1,2,2,6,2,1,2,35,0
4,4459814.4126247205,2,1,3,2,4,1,1,5,80,1
20,2585086.634886896,2,3,2,1,7,3,2,1,55,1
4,4752032.666649543,2,2,3,2,3,2,2,3,85,1
2,2070798.073898452,2,1,1,2,9,3,2,2,55,0
6,2704824.170390593,1,1,2,1,5,3,1,5,55,0
21,3806013.8851622646,1,2,2,3,7,3,1,5,40,0
14,2182555.373217801,1,3,1,3,3,1,2,3,70,1
13,1440568.1318632998,2,2,1,1,7,2,2,5,60,1
7,89466.40363374689,2,2,3,3,9,3,1,2,50,0
8,3076004.2058771024,2,3,2,3,1,3,2,3,75,1
24,2991965.9888254474,3,1,1,1,7,3,2,3,45,0
13,3069635.8184591043,2,2,3,2,4,1,1,5,80,1
7,1835731.6583147363,3,2,1,3,5,2,1,5,80,1
14,2646430.9190511503,2,1,2,2,3,1,2,1,55,1
2,48129.547247906776,3,1,1,3,10,1,1,1,50,1
2,2453480.3729211325,3,2,2,1,8,1,1,2,80,1
10,2693799.7899166825,3,1,3,3,3,1,2,3,70,0
17,938647.6764022768,3,1,2,2,8,2,1,2,55,0
2,1969642.0237458197,3,2,3,1,2,2,1,1,90,1
10,4581435.506218827,2,1,2,3,5,1,1,5,60,0
21,4069318.762883668,2,3,2,2,2,2,2,2,70,1
14,4018139.9915218875,2,3,3,2,4,1,2,1,85,0
6,1594894.2242183564,3,3,1,1,3,2,2,3,100,1
21,2684213.51930112,1,1,2,3,7,3,1,5,30,0
23,1902995.3313128196,2,1,2,2,3,1,1,1,50,1
20,3529649.6507458505,1,2,1,1,5,3,1,3,45,1
2,54713.48969809566,2,3,3,1,8,1,1,5,85,0
18,533665.5929396694,3,3,3,1,10,3,1,4,80,0
11,1870440.895554228,1,3,1,1,1,1,2,5,70,1
9,2630598.679640375,1,2,3,2,4,1,2,2,60,1
19,26739.287937957233,3,1,2,2,8,3,2,1,25,1
9,1266360.6543739836,3,1,1,2,10,1,1,2,65,1
19,3849251.5178821557,3,1,3,3,5,2,2,1,55,1
21,4362955.060021075,3,2,2,2,2,3,1,2,65,1
23,624529.2877416254,2,1,3,2,6,3,2,3,35,0
14,504576.9567138433,2,1,1,2,5,3,2,3,45,0
22,3636599.707211603,1,2,3,3,3,3,2,2,40,1
2,2027364.1772049249,3,3,3,1,6,3,1,2,95,1
18,1269260.189106496,1,3,3,2,5,3,2,4,75,1
9,2651500.290369707,3,3,2,1,4,2,1,3,95,1
8,1975527.389995696,1,2,3,3,5,1,2,5,60,1
23,2569552.9186857534,2,3,1,3,9,3,2,3,60,0
14,11548.832280473818,3,2,3,2,10,1,1,2,60,0
16,3324059.656675598,3,1,3,1,3,1,2,3,70,1
19,2008038.322061912,3,3,1,1,9,3,2,3,70,0
13,3352388.2989894995,1,2,2,2,2,2,2,4,60,1
8,2959761.2259855145,2,1,3,3,5,2,1,4,65,0
3,3718368.0684770704,3,2,1,2,3,2,2,5,90,1
4,2444296.564201839,2,1,3,3,7,3,2,5,60,0
15,3268094.822114191,3,2,2,3,10,1,1,1,70,1
11,2756662.3302414655,1,1,1,3,1,2,1,5,50,0
4,1973298.1028848162,3,1,3,2,7,3,2,1,70,0
7,2491913.3934658566,1,3,3,1,3,1,1,1,75,1
16,2764688.5435267426,3,3,3,2,9,3,1,3,95,1
12,3824657.681670619,3,1,1,2,10,1,2,5,65,0
10,1216944.1829015543,3,1,3,3,8,3,2,5,60,0
24,3804705.6001245333,1,1,1,3,2,3,1,4,35,0
17,3533724.2913174336,1,1,1,2,1,2,2,5,50,1
7,4724792.659694086,2,3,2,3,7,2,1,5,80,0
4,4013456.266724229,2,2,3,1,5,1,2,5,80,1
17,1953964.1375704696,3,1,1,1,1,2,2,4,65,1
3,4340262.645964194,3,2,2,1,5,1,2,1,80,1
18,4482545.857270347,1,2,3,2,10,3,1,3,60,1
23,610240.8773886088,3,2,2,3,4,2,1,2,55,0
23,4419151.060709566,2,3,3,1,7,3,2,2,60,1
7,1750691.824531395,2,1,2,3,3,3,1,1,50,0
18,1508825.917405706,1,1,2,3,7,2,2,5,40,0
13,3495743.539386454,2,3,2,1,6,2,2,1,70,1
4,485326.4012726894,1,2,3,3,1,2,2,4,60,1
15,310060.91824720183,1,2,2,3,1,3,1,1,40,0
6,605093.2428014207,2,3,2,1,6,2,1,4,80,1
11,943085.1307152257,2,2,3,2,9,1,2,4,60,1
19,233045.56926952794,2,3,3,2,4,2,1,2,70,1
16,3023284.673798632,2,2,3,2,10,2,2,5,70,1
12,3359555.3507760935,2,2,1,2,4,1,1,5,75,1
8,750948.7807445322,3,1,1,2,1,3,2,5,55,1
2,985090.3384414434,1,1,2,2,1,2,1,5,55,0
23,2752123.087422036,2,1,3,3,4,3,1,4,50,1
17,2705173.115160189,3,2,1,1,5,3,1,5,75,0
9,4709824.54693281,1,2,3,3,1,1,1,5,65,1
16,155508.69180283594,3,2,1,2,7,3,2,5,60,1
24,551856.6689261968,3,3,1,1,3,2,2,4,70,1
5,337551.4090204953,3,2,2,2,9,3,2,4,70,1
22,2477115.2711865027,2,2,3,2,1,3,2,3,60,1
4,2192484.470089357,2,3,1,1,8,1,1,1,85,1
6,1059996.9724981263,2,2,1,2,3,1,1,4,85,1
8,4138961.780251178,2,2,1,3,10,1,1,5,65,1
1,3357562.600095764,2,3,3,2,3,2,1,4,100,1
12,3597212.2750789267,1,3,3,2,5,2,1,3,85,1
15,2579432.151373042,2,3,2,2,6,2,2,1,75,1
7,2193021.323407041,2,3,2,2,2,2,2,5,85,1
21,571391.5310101742,2,3,1,3,4,1,1,5,65,1
16,3062740.386907915,1,2,2,1,1,3,2,5,50,1
22,4894082.848173166,1,2,2,3,6,3,2,1,30,0
14,80441.86017368804,3,2,2,3,4,3,1,5,65,1
23,1751861.7424811134,2,2,3,3,9,2,2,2,50,0
18,2038810.29403833,3,2,3,2,10,3,2,5,75,1
18,1946310.5325907858,3,2,2,3,9,1,1,3,75,1
17,990847.1364091331,1,3,2,2,1,1,1,3,70,1
16,1085825.4593295094,3,2,3,2,2,3,1,4,85,0
